{
  "intercept": 0.6614365582345001,
  "coefficients": {
    "total_bill": 0.09233581809128663,
    "time": -0.04539439738083297,
    "size": 0.25305696828098456,
    "day_Sat": -0.14707249160274516,
    "day_Sun": 0.027246475579088363,
    "day_Thur": -0.06053253482613951
  }
}