{"intercept": 0.6614365582345001, "coefficients": [0.09233581809128663, -0.04539439738083297, 0.25305696828098456, -0.14707249160274516, 0.027246475579088363, -0.06053253482613951], "feature_names": ["total_bill", "time", "size", "day_Sat", "day_Sun", "day_Thur"]}